image_id,town,consensus_category,consensus_context,consensus_flag,agreement_level,expert_category,expert_context,expert_flag,expert_confidence,notes
F6AsbXhdt2Gk6sG5aI4W4w_000_box0.jpg,METROPOLITAN_LISBURN,National,Building-mounted,Union Jack,1.0,,,,,
iAGhk-yexcXqAg6XgTc95Q_120_box0.jpg,METROPOLITAN_NEWTOWNABBEY,National,Lamppost-mounted,Union Jack,1.0,,,,,
q89PedfBCNQpMvWzuIA7Qg_060_box0.jpg,LISBURN_CITY,National,Lamppost-mounted,Union Jack,1.0,,,,,
DBznJ_LgG36wmDBWaPvmlw_180_box0.jpg,METROPOLITAN_NEWTOWNABBEY,National,Lamppost-mounted,Union Jack,1.0,,,,,
Ufv4d2AzJOQCO_HZmYP_Fw_120_box0.jpg,COLERAINE,National,Lamppost-mounted,Union Jack,1.0,,,,,
VQ_uebJIiM9pe20T6KluEQ_180_box0.jpg,METROPOLITAN_LISBURN,National,Lamppost-mounted,Union Jack,1.0,,,,,
ackOT_WGmiKRm88w8A6U6A_060_box0.jpg,KILKEEL,National,Lamppost-mounted,Union Jack,1.0,,,,,
1g_Fw9f5SWUDNkbm2rHXwA_060_box0.jpg,BALLYMONEY,National,Lamppost-mounted,Union Jack,1.0,,,,,
BSxrcn1Zn948gDv6sf19Kw_180_box0.jpg,BALLYMONEY,National,Lamppost-mounted,Union Jack,1.0,,,,,
RL8_bmitnGjdYzGblEKorQ_240_box0.jpg,LISBURN_CITY,National,Lamppost-mounted,Union Jack,1.0,,,,,
C4IiGyO0pqfnIdCEpCrY1A_300_box0.jpg,LARNE,National,Lamppost-mounted,Union Jack,1.0,,,,,
PzJ-wjtG2WqBdCHQ47v3lA_000_box0.jpg,METROPOLITAN_CASTLEREAGH,National,Lamppost-mounted,Union Jack,1.0,,,,,
kH63IBXEJyBnRmSz6g-8kQ_060_box0.jpg,ARMAGH,National,Lamppost-mounted,Union Jack,1.0,,,,,
6ZFL5CpUs_XfR0LfeMNSRA_000_box0.jpg,BALLYMENA,National,Lamppost-mounted,Union Jack,1.0,,,,,
gqYfw86ZKC9Y5H7b4Wiekg_060_box1.jpg,ENNISKILLEN,National,,Union Jack,1.0,,,,,
l6vvycBcyPpwB_etGUPpYA_000_box0.jpg,GREENISLAND,National,Lamppost-mounted,Union Jack,1.0,,,,,
HlG6HTVrGqphD4MzdDVgEA_000_box0.jpg,LARNE,National,Lamppost-mounted,Union Jack,1.0,,,,,
oRf2APZDdnUKmjtTLNSxuQ_240_box0.jpg,LISBURN_CITY,National,Lamppost-mounted,Union Jack,1.0,,,,,
ANOkTLSLnu0UVctqv46C9g_060_box0.jpg,BELFAST_CITY,National,Lamppost-mounted,Union Jack,1.0,,,,,
yoE4ei1C0ZH-TPhvf9ucqA_060_box0.jpg,BANGOR,National,Lamppost-mounted,Union Jack,1.0,,,,,
gtz72D7NiOTSjlB4GHRRCg_000_box0.jpg,DUNGANNON,National,Lamppost-mounted,Union Jack,1.0,,,,,
11Vryawcc4uK3sIawyOD6A_060_box0.jpg,BANGOR,National,Lamppost-mounted,Union Jack,1.0,,,,,
UJg_XtdXNtqGgq8mLO34Pw_300_box0.jpg,BANGOR,Proscribed,Lamppost-mounted,UVF,1.0,,,,,
TFA58jSxLE7TgF7PDuPlZg_120_box0.jpg,BALLYMENA,National,Lamppost-mounted,Union Jack,1.0,,,,,
fYCRb-qZJ12oKaKUH0ozhg_120_box0.jpg,METROPOLITAN_CASTLEREAGH,International,Building-mounted,Other International,1.0,,,,,
oiWc2djflaVnMwX6XoBX3g_120_box0.jpg,OMAGH_TOWN,National,Lamppost-mounted,Union Jack,1.0,,,,,
at8xfhnubwIGS92GhCVg8g_300_box0.jpg,ANTRIM,National,Lamppost-mounted,Union Jack,1.0,,,,,
HkuZgn5n_pXrSDMPJkC90g_000_box0.jpg,COLERAINE,National,Lamppost-mounted,Union Jack,1.0,,,,,
mSdc7P0lXmrc6gq3EtYXlQ_120_box0.jpg,ARMAGH,International,Building-mounted,Other International,1.0,,,,,
PHUy9ddt9r5KkcCYLPereA_240_box0.jpg,BALLYMENA,National,Lamppost-mounted,Union Jack,1.0,,,,,
NfUftvZSzExL3RiG9FMdKA_300_box0.jpg,LARNE,National,Building-mounted,Union Jack,1.0,,,,,
LKb2bAKsDLogceVDJuZ6IA_000_box0.jpg,BANGOR,National,Lamppost-mounted,Union Jack,1.0,,,,,
8sTC53LmaNXe3NU1VMqbLQ_000_box0.jpg,ANTRIM,National,Building-mounted,Union Jack,1.0,,,,,
XlhSZJmcWPybZdVvOJ-Oqw_180_box0.jpg,BELFAST_CITY,National,Lamppost-mounted,Union Jack,1.0,,,,,
IbmRuvVhaA32NeXWg-uaMQ_180_box0.jpg,GREENISLAND,National,Lamppost-mounted,Union Jack,1.0,,,,,
Ve64zVbyTP-6F70UGvUHnA_120_box0.jpg,ENNISKILLEN,National,Lamppost-mounted,Union Jack,1.0,,,,,
6abhbEkB_P3uhQIMQjJLrA_120_box0.jpg,LARNE,National,Lamppost-mounted,Union Jack,1.0,,,,,
Wd5i4rpY99rEtM5b-s1Nbw_300_box0.jpg,METROPOLITAN_NEWTOWNABBEY,National,Lamppost-mounted,Union Jack,1.0,,,,,
-da2O8-wFUV7h-tV4csQog_180_box0.jpg,BALLYMENA,National,Lamppost-mounted,Union Jack,1.0,,,,,
ctvwOd8mx6LBMBvHhtaraA_300_box0.jpg,BALLYMENA,National,Lamppost-mounted,Union Jack,1.0,,,,,
giA98lnN8PsLRMsLGk6t8w_000_box0.jpg,NEWTOWNARDS,National,Lamppost-mounted,Union Jack,1.0,,,,,
oOIUutKinhdzIqy4XPI-Dg_300_box0.jpg,METROPOLITAN_NEWTOWNABBEY,National,Lamppost-mounted,Union Jack,1.0,,,,,
KiihUTnuwVrM6y2YQ-LVwg_120_box0.jpg,LARNE,National,Lamppost-mounted,Union Jack,1.0,,,,,
5z2T9sNB5KsyWyzIVtnmpA_120_box0.jpg,CARRICKFERGUS,National,Lamppost-mounted,Union Jack,1.0,,,,,
fPxrC9UZAHU9mdjNXmr16g_120_box0.jpg,ANTRIM,National,Lamppost-mounted,Union Jack,1.0,,,,,
hvTVR3FAajJcKS3YWK9Bng_060_box0.jpg,METROPOLITAN_NEWTOWNABBEY,National,Lamppost-mounted,Union Jack,1.0,,,,,
ZISBSiTCehBHjUKvoKuMcA_180_box0.jpg,METROPOLITAN_NEWTOWNABBEY,National,Lamppost-mounted,Union Jack,1.0,,,,,
wHdlIHorgU5Uy9R6dDvY6g_300_box0.jpg,LARNE,National,Lamppost-mounted,Union Jack,1.0,,,,,
20VJ5f6nwISiI6fzygcoYg_120_box0.jpg,BELFAST_CITY,Bunting,Triangular bunting,Red/White/Blue Triangular Bunting,1.0,,,,,
IgNMHl_e4uhmNtihjU6xhQ_180_box0.jpg,OMAGH_TOWN,National,Lamppost-mounted,Union Jack,1.0,,,,,
rnC5G7tC6JErPkUMG7wC2g_000_box0.jpg,LISBURN_CITY,National,Lamppost-mounted,Union Jack,1.0,,,,,
-1ro95_IxsgFZ7Fq2wMlZQ_300_box0.jpg,OMAGH_TOWN,Fraternal,Lamppost-mounted,Orange Order,1.0,,,,,
WhaBsA6LMlLhXPBm0lybmg_300_box0.jpg,COOKSTOWN,National,Lamppost-mounted,Union Jack,1.0,,,,,
5Oo_TEqoI8fsnR_T3mRVmw_300_box0.jpg,COMBER,National,Pole-mounted (in ground),Union Jack,1.0,,,,,
0eblyq9DFMSTYteiMxLMFg_120_box0.jpg,BALLYMONEY,National,Lamppost-mounted,Union Jack,1.0,,,,,
zU4UxRfi98HYlYUHCyucag_060_box0.jpg,BALLYCLARE,National,Bunting display,Union Jack,1.0,,,,,
E1wWqOGC1rGkvnnC-exy6g_000_box0.jpg,LARNE,National,Lamppost-mounted,Union Jack,1.0,,,,,
TuIaLLOh3sXpiXK0sl4EgQ_180_box0.jpg,METROPOLITAN_LISBURN,National,Building-mounted,Union Jack,1.0,,,,,
l-d96gJ13Pyb9YFmuiuXsg_180_box0.jpg,CRAIGAVON,National,Building-mounted,Union Jack,1.0,,,,,
2k5ck4DE2dNIudhmCUq1_A_300_box0.jpg,BANGOR,Proscribed,Lamppost-mounted,UVF,1.0,,,,,
CpkwBNNB0cJM6mIQC_WQOQ_300_box0.jpg,LISBURN_CITY,National,Building-mounted,Union Jack,1.0,,,,,
kHu0hISN_PipOswEe-s7XQ_240_box0.jpg,COLERAINE,National,Lamppost-mounted,Ulster Banner,1.0,,,,,
RXo0rgYw2yE04FLjJBy-6A_120_box0.jpg,CRAIGAVON,National,Building-mounted,Union Jack,1.0,,,,,
H6Tm9JrLG94q-hAn_8WYrQ_180_box0.jpg,CARRICKFERGUS,National,Building-mounted,Union Jack,1.0,,,,,
foekTyzri4z5xItgf8nKTA_180_box0.jpg,BELFAST_CITY,National,Building-mounted,Union Jack,1.0,,,,,
d4hpdnFPbM3jUijqBMn57g_180_box0.jpg,ENNISKILLEN,National,Lamppost-mounted,Union Jack,1.0,,,,,
SrX1LSgWUz2bI30WGQetvw_300_box0.jpg,PORTSTEWART,National,Window display,Union Jack,1.0,,,,,
wxmgk2p4Nqp5ekDfvbejBQ_240_box0.jpg,BELFAST_CITY,National,Building-mounted,Irish Tricolor,1.0,,,,,
PuElTxLhlMippVEOtuaMTw_120_box0.jpg,BELFAST_CITY,National,Building-mounted,Union Jack,1.0,,,,,
eg2tV8fGtrZLgl85T7Nk0Q_120_box0.jpg,METROPOLITAN_NEWTOWNABBEY,National,Lamppost-mounted,Ulster Banner,1.0,,,,,
7Hp1lVQCIBMnbOFluEcJ0w_240_box0.jpg,BALLYCLARE,National,Temporary installation,Union Jack,1.0,,,,,
VoEmMj5EgWgx9Pa9DabODw_120_box0.jpg,LISBURN_CITY,National,Building-mounted,Union Jack,1.0,,,,,
4rSlIqTJ2VJNlSG6WQscCw_000_box0.jpg,LARNE,National,Building-mounted,Union Jack,1.0,,,,,
VccwHaZdzXJpvB2zRA1VIw_240_box0.jpg,COLERAINE,National,Lamppost-mounted,Ulster Banner,1.0,,,,,
-tbpOgoGZvs_QtHNCCgPoA_060_box0.jpg,CRAIGAVON,National,Building-mounted,Union Jack,1.0,,,,,
X-hDcWylRxKI9mZN4_Fh1Q_120_box0.jpg,METROPOLITAN_NEWTOWNABBEY,National,Building-mounted,Union Jack,1.0,,,,,
P5VGKjJlKqOARMQsEJmufA_120_box0.jpg,CARRICKFERGUS,National,Lamppost-mounted,Ulster Banner,1.0,,,,,
4yXk3OXgIEfpWpdyUi6ksQ_060_box0.jpg,BELFAST_CITY,Bunting,Bunting display,Other Colored Bunting,1.0,,,,,
Ew7MEgxiiGYqdiIkE1l3dA_300_box0.jpg,METROPOLITAN_NEWTOWNABBEY,National,Lamppost-mounted,Ulster Banner,1.0,,,,,
OXigT5qva_4eLqofQZIYLw_180_box0.jpg,CARRICKFERGUS,National,Building-mounted,Union Jack,1.0,,,,,
XfCQWHtZNeReKKVUdd7jSg_300_box0.jpg,LISBURN_CITY,International,Lamppost-mounted,Israeli,1.0,,,,,
JNSHp0Si1U32ENGy3sDRSg_120_box0.jpg,BALLYCLARE,National,Building-mounted,Union Jack,1.0,,,,,
7x3e_zdOzafdDPrOSRvx3A_300_box0.jpg,CRAIGAVON,National,Pole-mounted (in ground),Union Jack,1.0,,,,,
DLLjmMHcg0_AzCGmK3MIRQ_300_box0.jpg,METROPOLITAN_NEWTOWNABBEY,National,Building-mounted,Union Jack,1.0,,,,,
MN3x5WOIPqKrex7oJ5FcFw_180_box0.jpg,COLERAINE,Fraternal,Lamppost-mounted,Orange Order,1.0,,,,,
7bMYIdc0_cQ6JmO80Ug_4A_120_box0.jpg,COLERAINE,Fraternal,Lamppost-mounted,Orange Order,1.0,,,,,
w8WWD6p8X7enNm20xhOYxw_120_box0.jpg,NEWTOWNARDS,National,Pole-mounted (in ground),Union Jack,1.0,,,,,
nzjtgBeSDCwG3wpVHjrhEQ_000_box0.jpg,CRAIGAVON,National,Pole-mounted (in ground),Union Jack,1.0,,,,,
4lIAzCL_PTgcGDtrUSKi6A_000_box0.jpg,MAGHERAFELT,National,Pole-mounted (in ground),Union Jack,1.0,,,,,
m24Fh-ghdgO0o_BqVXQuUw_000_box0.jpg,ARMAGH,Proscribed,Pole-mounted (in ground),Other Proscribed,1.0,,,,,
7Qn_ZjzAZP6UDmoZvVTuyA_120_box0.jpg,COLERAINE,Fraternal,Lamppost-mounted,Orange Order,1.0,,,,,
eHKrlEDu4Ub4U9k6VVuCrA_180_box0.jpg,CARRICKFERGUS,National,Window display,Union Jack,1.0,,,,,
5SjKsLLNxPhAbN8fMO0eyw_240_box0.jpg,MAGHERAFELT,National,Lamppost-mounted,Union Jack,1.0,,,,,
4mC6VbBn8pH7oNlmdNivOQ_000_box0.jpg,METROPOLITAN_NEWTOWNABBEY,National,Lamppost-mounted,Scottish Saltire,1.0,,,,,
S5ntUyfxq96vbPv6QW23IQ_000_box0.jpg,BALLYMENA,National,Building-mounted,Union Jack,1.0,,,,,
3qh5eCqrfqFYBkm-io-V7w_180_box0.jpg,NEWTOWNARDS,International,Pole-mounted (in ground),Other International,1.0,,,,,
9n1BxqDLkSZ5kWvhvBArrg_060_box0.jpg,METROPOLITAN_NEWTOWNABBEY,National,Lamppost-mounted,Union Jack,1.0,,,,,
6ZOMhtXUyAN0SiHYtGu8DQ_120_box0.jpg,BANGOR,National,Building-mounted,Union Jack,1.0,,,,,
Fwm2OS-smyuVf37_idLHSQ_000_box0.jpg,METROPOLITAN_NEWTOWNABBEY,National,Lamppost-mounted,Union Jack,1.0,,,,,
43GiaypvyDOutYnG61TqnA_000_box0.jpg,CRAIGAVON,National,Building-mounted,Union Jack,1.0,,,,,
jiNUmMbLl_kusvZlyctMBw_180_box0.jpg,METROPOLITAN_LISBURN,National,Window display,Union Jack,1.0,,,,,
EqplcstneUePG7693R6XwQ_180_box0.jpg,BALLYMONEY,National,Lamppost-mounted,Ulster Banner,1.0,,,,,
RUaUnk8eJfg8xmxaz6GDcg_060_box0.jpg,COLERAINE,International,Lamppost-mounted,Other International,1.0,,,,,
fiYQ4wbf9G3QmJy6iEAtuw_300_box0.jpg,COLERAINE,Fraternal,Lamppost-mounted,Orange Order,1.0,,,,,
CbKlPMqkawF-1Z6oujnLMw_060_box0.jpg,COLERAINE,National,Lamppost-mounted,Irish Tricolor,1.0,,,,,
G2_gueMH36e2M-gtq8XvAw_180_box0.jpg,ANTRIM,National,Lamppost-mounted,Union Jack,1.0,,,,,
Ino4-ysjjvsAe_cGfSYneg_120_box0.jpg,LISBURN_CITY,National,Lamppost-mounted,Union Jack,1.0,,,,,
rzPg09puRsz2S_amssMSxA_060_box0.jpg,LISBURN_CITY,National,Lamppost-mounted,Ulster Banner,1.0,,,,,
fK_-cWgi8YIub6I67EyUMw_180_box0.jpg,METROPOLITAN_NEWTOWNABBEY,National,Lamppost-mounted,Ulster Banner,1.0,,,,,
_mqBSexbfR5eb7M8EN9cAg_180_box0.jpg,ANTRIM,National,Lamppost-mounted,Ulster Banner,1.0,,,,,
PptphTtZYvOKMlyVRYNMlA_300_box0.jpg,LISBURN_CITY,National,Lamppost-mounted,Ulster Banner,1.0,,,,,
SSrU0RBBEb4_PFAYuYZALg_300_box0.jpg,OMAGH_TOWN,National,Lamppost-mounted,Ulster Banner,1.0,,,,,
SuDUBDTZBBs72hna3jBohg_120_box0.jpg,LARNE,Bunting,Triangular bunting,Red/White/Blue Triangular Bunting,1.0,,,,,
dluyisXC_aoqATTo2fkZDA_120_box0.jpg,BELFAST_CITY,National,Lamppost-mounted,Union Jack,1.0,,,,,
S6FEoVL220aouhG-m5DrmA_240_box0.jpg,METROPOLITAN_NEWTOWNABBEY,National,Building-mounted,Union Jack,1.0,,,,,
1NcApUheUBbk5cX0mv9LrQ_120_box0.jpg,LISBURN_CITY,National,Lamppost-mounted,Union Jack,1.0,,,,,
BU_80NtUfCwGZsvmILqwHA_000_box0.jpg,CARRICKFERGUS,National,Building-mounted,Union Jack,1.0,,,,,
jMTMfQY_N6MJzEcFHme0CA_240_box0.jpg,METROPOLITAN_NEWTOWNABBEY,National,Building-mounted,Union Jack,1.0,,,,,
Ok6VPynRsdh2DbRmu2d2gA_120_box0.jpg,LISBURN_CITY,National,Building-mounted,Union Jack,1.0,,,,,
BXDYCZo8FDsXNhroA4quYA_120_box0.jpg,OMAGH_TOWN,National,Lamppost-mounted,Union Jack,1.0,,,,,
D0y4oIDR49xSon3ZOSSGbQ_180_box0.jpg,CRAIGAVON,National,Building-mounted,Union Jack,1.0,,,,,
NITj3bw2u_WQkT8dy91NTA_300_box0.jpg,BELFAST_CITY,National,Lamppost-mounted,Union Jack,1.0,,,,,
I5qFGtWnmfELQOE6p6fcEg_000_box0.jpg,BALLYCLARE,Review,,,1.0,,,,,
wMdDExH_OwpkfD8Wow90RA_240_box0.jpg,BALLYMENA,Review,,,1.0,,,,,
9JuCdszObm1nkro6hxS08w_180_box0.jpg,BALLYMENA,National,Building-mounted,Ulster Banner,1.0,,,,,
2nU9ZjXkrXKcq1MoXMCfdA_180_box0.jpg,LIMAVADY,National,Lamppost-mounted,Irish Tricolor,1.0,,,,,
-oBZie3EYu81RB2sDsO6yg_180_box0.jpg,DERRY_CITY,International,Lamppost-mounted,Palestinian,1.0,,,,,
2tIUbR0Wgn0dfFB7WbqFOA_060_box0.jpg,OMAGH_TOWN,Review,,,1.0,,,,,
ruGtSCjYsoxz3Y_DPMxlKA_180_box0.jpg,CRAIGAVON,National,Building-mounted,Union Jack,1.0,,,,,
vNXWzPkqI3LmFahYH9Gyrw_300_box0.jpg,BANGOR,Review,,,1.0,,,,,
xTGRjjQhbENumXqODWl0SQ_000_box0.jpg,CARRICKFERGUS,National,Building-mounted,Union Jack,1.0,,,,,
RYbJdl3twHOGJVmfSmgsFw_000_box0.jpg,METROPOLITAN_NEWTOWNABBEY,National,Lamppost-mounted,Scottish Saltire,1.0,,,,,
iVCx5FKgt2kSs-PfYwFTsA_240_box0.jpg,CARRICKFERGUS,National,Lamppost-mounted,Ulster Banner,1.0,,,,,
9-ebf3_a27wkkQ-d0qGeyA_180_box0.jpg,COLERAINE,Fraternal,Lamppost-mounted,Orange Order,1.0,,,,,
lxnBVcYworaRqLKfJhdokg_180_box0.jpg,GREENISLAND,National,Lamppost-mounted,Union Jack,1.0,,,,,
k4n4Yk3x1k1U6I_zDXm6pg_300_box0.jpg,CARRICKFERGUS,National,Lamppost-mounted,Ulster Banner,1.0,,,,,
pBCiOm_huqVBIhZ25i5viw_240_box0.jpg,BALLYCLARE,National,Building-mounted,Ulster Banner,1.0,,,,,
Ukh1g2GIy9XpUxeaYn4Htg_060_box0.jpg,BELFAST_CITY,International,Building-mounted,Other International,1.0,,,,,
8aGHaSZ1e2flE3grSjND5g_120_box0.jpg,LISBURN_CITY,International,Lamppost-mounted,Israeli,1.0,,,,,
7Jfc6jQ-CGpDVoO5W8ulbg_240_box0.jpg,BALLYMENA,Sport,Lamppost-mounted,Northern Ireland Football,1.0,,,,,
uh9yI2MXt2PDFQ4NUKPBRQ_240_box0.jpg,COLERAINE,Fraternal,Lamppost-mounted,Orange Order,1.0,,,,,
Uj8Muu3yNky177onYYOqMg_300_box0.jpg,BELFAST_CITY,National,Street decoration,Ulster Banner,1.0,,,,,
QoK_gINqvHxzsi4uA-xF4A_060_box0.jpg,METROPOLITAN_CASTLEREAGH,National,Building-mounted,Union Jack,1.0,,,,,
nII0uWVPihJGYZ43o1mt3g_060_box0.jpg,METROPOLITAN_LISBURN,National,Building-mounted,Union Jack,1.0,,,,,
GwHwTq-qSDwEyKZS34_BJw_180_box0.jpg,METROPOLITAN_NEWTOWNABBEY,National,Building-mounted,Union Jack,1.0,,,,,
KDlbiillpPwifIjW6Mk2Tg_060_box0.jpg,BALLYMONEY,National,Building-mounted,Ulster Banner,1.0,,,,,
xwj6Of0PsOfRL6QB1y3VRw_000_box0.jpg,BALLYMENA,National,Building-mounted,Union Jack,1.0,,,,,
U1MU7FzexVCi5EFYB3mvCg_000_box0.jpg,NEWTOWNARDS,National,Pole-mounted (in ground),Union Jack,1.0,,,,,
SZL_za5Y6OFHFhx2p6AaPQ_000_box0.jpg,METROPOLITAN_CASTLEREAGH,National,Building-mounted,Union Jack,1.0,,,,,
Vv2lX96DDH6JeNjE8OBQ8w_120_box0.jpg,COLERAINE,Fraternal,Lamppost-mounted,Orange Order,1.0,,,,,
F1_oWKmu2rkZdcHk3nHwTw_240_box0.jpg,COLERAINE,Fraternal,Lamppost-mounted,Orange Order,1.0,,,,,
sxsbHiOw1rc8J1xvDcXPmw_120_box0.jpg,OMAGH_TOWN,National,Lamppost-mounted,Ulster Banner,1.0,,,,,
D1z-1T0pLRovNLCHfWfyHw_180_box0.jpg,OMAGH_TOWN,National,Lamppost-mounted,Ulster Banner,1.0,,,,,
am7ydd8YRF7-0R7yDSYLug_000_box0.jpg,CARRICKFERGUS,National,Lamppost-mounted,Ulster Banner,1.0,,,,,
4lEvBe8iRmBjEqs6V4U-kg_000_box0.jpg,BALLYMENA,National,Lamppost-mounted,Ulster Banner,1.0,,,,,
Ow6t-ws51jInVVGo_UiBmw_120_box0.jpg,BALLYCLARE,National,Lamppost-mounted,Ulster Banner,1.0,,,,,
dnfit7fBNL5OC2ZQBOpWMQ_060_box0.jpg,BALLYCLARE,National,Pole-mounted (in ground),Ulster Banner,1.0,,,,,
vcom3xgYis6cvfzMO5U5cg_300_box0.jpg,COLERAINE,Fraternal,Lamppost-mounted,Orange Order,1.0,,,,,
MN3x5WOIPqKrex7oJ5FcFw_300_box0.jpg,COLERAINE,Fraternal,Lamppost-mounted,Orange Order,1.0,,,,,
7R2NUHiizYPFeAHn8_uGLQ_300_box0.jpg,COLERAINE,National,Lamppost-mounted,Ulster Banner,1.0,,,,,
cA4pgwWPAh8PqrU4fjoI4Q_060_box0.jpg,BALLYCLARE,National,Lamppost-mounted,Ulster Banner,1.0,,,,,
QGB-eXcH_U40RorAVrHsZA_240_box0.jpg,METROPOLITAN_NEWTOWNABBEY,National,Memorial/Commemoration,Irish Tricolor,1.0,,,,,
JobadmHNf7NcAvKfGL5Bkw_180_box0.jpg,COOKSTOWN,Review,,,1.0,,,,,
qvkskBIqZqeDP137D_JiZQ_060_box0.jpg,CRAIGAVON,National,Lamppost-mounted,Ulster Banner,1.0,,,,,
gzvZ_T_87VJ51QTBtC_9EQ_300_box0.jpg,BALLYCLARE,National,Building-mounted,Union Jack,1.0,,,,,
odVacnNXyTEcbjwJlF93wg_120_box0.jpg,LARNE,National,Building-mounted,Union Jack,1.0,,,,,
3lpcz9L4a4Zh6GvXvJCyhg_180_box0.jpg,LARNE,National,Building-mounted,Union Jack,1.0,,,,,
14NDF5vhwMQRS2bBFc3DTg_240_box0.jpg,ANTRIM,National,Lamppost-mounted,Union Jack,1.0,,,,,
roSarD75VFviyuz8ncV2Dw_060_box0.jpg,DUNGANNON,National,Lamppost-mounted,Union Jack,1.0,,,,,
QGlPu5pChzF1wK7wZRk76Q_300_box0.jpg,LARNE,National,Lamppost-mounted,Union Jack,1.0,,,,,
RyGk7eJJu7KAiQribn8C6Q_240_box0.jpg,METROPOLITAN_LISBURN,National,Lamppost-mounted,Ulster Banner,1.0,,,,,
BEw1rFM2JPnfFMdo1PL4rA_120_box0.jpg,BALLYMENA,Review,,,1.0,,,,,
8yS_-_Vklz5i8RmHZSxRsA_060_box0.jpg,DUNGANNON,National,Lamppost-mounted,Union Jack,1.0,,,,,
W7fbYQFjHDSBQ1ZTTID1Bw_300_box0.jpg,ENNISKILLEN,National,Lamppost-mounted,Union Jack,1.0,,,,,
nJOD22owfZjJG6Z3gT0M5A_240_box0.jpg,DERRY_CITY,Review,,,1.0,,,,,
Qj-ycjc1Ji6KBahXxRuCQQ_240_box0.jpg,BELFAST_CITY,Review,,,1.0,,,,,
zzlEbRKUx1PuXBMksq9bTg_060_box0.jpg,BELFAST_CITY,Review,,,1.0,,,,,
Hdg0Pi6noHc0puAsTLC7PQ_300_box0.jpg,CRAIGAVON,National,Building-mounted,Ulster Banner,1.0,,,,,
ffGCY2mHdECsLEWgogPH0A_240_box0.jpg,BALLYMONEY,Review,,,1.0,,,,,
oPjsOywl4i6acL8UyqFj4A_120_box0.jpg,BELFAST_CITY,National,Lamppost-mounted,Union Jack,1.0,,,,,
2xH3P3Na_KE0QkWHM2KyTA_120_box0.jpg,LISBURN_CITY,National,Lamppost-mounted,Union Jack,1.0,,,,,
ib85hQpUE1exHY1MWJ8urw_000_box0.jpg,METROPOLITAN_CASTLEREAGH,National,Lamppost-mounted,Union Jack,1.0,,,,,
nDL349mqBCzZ8HwedOobZg_300_box0.jpg,OMAGH_TOWN,National,Building-mounted,Union Jack,1.0,,,,,
KSTR1g_fwBoszmi1F6P7sQ_000_box0.jpg,CRAIGAVON,National,Lamppost-mounted,Union Jack,1.0,,,,,
HcOoRLUyNCWOe21ljYXocA_060_box0.jpg,LISBURN_CITY,Bunting,Triangular bunting,Red/White/Blue Triangular Bunting,1.0,,,,,
ordwzc7vkiVX2kKBYyoHtw_000_box0.jpg,ANTRIM,National,Lamppost-mounted,Union Jack,1.0,,,,,
SINu_boRsbzeG5J7c_O4Uw_180_box0.jpg,BALLYMENA,National,Lamppost-mounted,Union Jack,1.0,,,,,
8mGAbKn6sQomXfI90f6ibg_120_box0.jpg,OMAGH_TOWN,Bunting,Triangular bunting,Red/White/Blue Triangular Bunting,1.0,,,,,
TxhOSWzeOps0lUKG2ZG88A_300_box0.jpg,NEWRY,National,Pole-mounted (in ground),Irish Tricolor,1.0,,,,,
4SSN-1CGOPbQN-QfCXuxFA_060_box0.jpg,LARNE,Review,,,1.0,,,,,
AFnOvTe7PEthycjwcPTPtg_300_box0.jpg,BALLYCLARE,Review,,,1.0,,,,,
-7Yumt9a0GmzIv5KvtEqqA_300_box0.jpg,COLERAINE,National,Lamppost-mounted,Ulster Banner,1.0,,,,,
CeHaJ1hxy9tc3sG5bVA_hg_180_box0.jpg,MAGHERAFELT,National,Lamppost-mounted,Union Jack,1.0,,,,,
XKfUgodY0tS_seHcwoWRXQ_120_box0.jpg,CARRICKFERGUS,National,Lamppost-mounted,Ulster Banner,1.0,,,,,
IAMPFaQ4iv6-Y037I3tbJg_060_box0.jpg,LISBURN_CITY,National,Building-mounted,Union Jack,1.0,,,,,
CMexC-vlHrFZSCMGFAKxMQ_120_box0.jpg,LIMAVADY,Review,,,1.0,,,,,
lvuDOP2xlZPSaGNfJoq9Gg_240_box0.jpg,DUNGANNON,National,Lamppost-mounted,Union Jack,1.0,,,,,
eITCL0SFk02exY2JD-V5Bw_300_box0.jpg,ANTRIM,National,Lamppost-mounted,Union Jack,1.0,,,,,
nDbkHVRI_ulpwqfPWstt6w_180_box0.jpg,METROPOLITAN_NEWTOWNABBEY,National,Lamppost-mounted,Union Jack,1.0,,,,,
kTZnDfXBD77cmtahbl68Iw_300_box0.jpg,CRAIGAVON,National,Building-mounted,Union Jack,1.0,,,,,
UbOsN6Df28DjnPl1AY_UYg_120_box0.jpg,COLERAINE,Review,,,1.0,,,,,
vaoUsSLpFIZ4dpczTCDuiw_180_box0.jpg,ARMAGH,National,Lamppost-mounted,Union Jack,1.0,,,,,
I98SDK_W_izxcxEySHx0ZA_120_box0.jpg,DUNGANNON,Review,,,1.0,,,,,
PhE1InargsqOwSAFoQ6WUA_180_box0.jpg,PORTSTEWART,Review,,,1.0,,,,,
2l-1mPePWgwjs7fSiZTelQ_000_box0.jpg,BALLYCLARE,Review,,,1.0,,,,,
i14IIVtChjAJQZ77jvn08w_300_box0.jpg,CRAIGAVON,National,Building-mounted,Union Jack,1.0,,,,,
LWnIeWGP5y1H_3gHpf-ufg_300_box0.jpg,NEWTOWNARDS,National,Temporary installation,Union Jack,1.0,,,,,
TkKYUZdzeUbHq1RiDpw65Q_180_box0.jpg,ANTRIM,National,Lamppost-mounted,Union Jack,1.0,,,,,
JJvHvKXnzEVZYceLG9zCzA_240_box0.jpg,CRAIGAVON,Review,,,1.0,,,,,
lLxZl5WvOYxJW-eEdvF4dQ_120_box0.jpg,COLERAINE,Fraternal,Lamppost-mounted,Orange Order,1.0,,,,,
Ff5FT-OWdF9kes1w8FKqOA_000_box0.jpg,DUNGANNON,National,Pole-mounted (in ground),Union Jack,1.0,,,,,
LYcAu3ByWmuOeEDBUT8yTw_240_box0.jpg,BALLYCLARE,National,Pole-mounted (in ground),Union Jack,1.0,,,,,
a_Yp-6--Z72LG1rAVkZeIw_300_box0.jpg,LIMAVADY,National,Lamppost-mounted,Ulster Banner,1.0,,,,,
MDnDxFfTYQ9FNLawjYo6Cw_180_box0.jpg,METROPOLITAN_LISBURN,National,Building-mounted,Union Jack,1.0,,,,,
_u7N5cuUyWWg6QiE6PGRDw_180_box0.jpg,DUNGANNON,National,Lamppost-mounted,Ulster Banner,1.0,,,,,
nb1dm02mtnY1dMPklyhIEw_240_box0.jpg,LARNE,Fraternal,Building-mounted,Orange Order,1.0,,,,,
OKpAYkhzG0TpbOHpWSC0Qg_000_box0.jpg,COLERAINE,International,Pole-mounted (in ground),Other International,1.0,,,,,
Ax1cmhpbYcSr72SFlukUsQ_300_box0.jpg,METROPOLITAN_CASTLEREAGH,National,Lamppost-mounted,Union Jack,1.0,,,,,
ZBBxQEQ2sj_DzYGtWeuASQ_060_box0.jpg,CARRICKFERGUS,National,Lamppost-mounted,Ulster Banner,1.0,,,,,
vtidJP4_WmS0splBug9-Bg_240_box0.jpg,METROPOLITAN_NEWTOWNABBEY,National,Lamppost-mounted,Union Jack,1.0,,,,,
MseXolhfhkqK4s9XP8Hgpg_000_box0.jpg,COLERAINE,Fraternal,Lamppost-mounted,Orange Order,1.0,,,,,
pUn8riLxBGbb4JVPNVwkrw_000_box0.jpg,ENNISKILLEN,Bunting,Bunting display,Union Jack Bunting,1.0,,,,,
eITCL0SFk02exY2JD-V5Bw_240_box0.jpg,ANTRIM,Fraternal,Lamppost-mounted,Orange Order,1.0,,,,,
oNBGK9BVwXotN3ET7BwBZg_120_box0.jpg,COLERAINE,National,Lamppost-mounted,Ulster Banner,1.0,,,,,
1IkWNcVhqUehFRsOJhqE6w_060_box0.jpg,LIMAVADY,National,Lamppost-mounted,Ulster Banner,1.0,,,,,
Og57klEtFI5WqzUFo0zsww_300_box0.jpg,OMAGH_TOWN,International,Lamppost-mounted,Other International,1.0,,,,,
CQy3K9mCXl_dTe3y8aqqaw_300_box0.jpg,CARRICKFERGUS,Bunting,Bunting display,Union Jack Bunting,1.0,,,,,
L0cpVEBcqrTbuUJSYvcEbg_000_box0.jpg,OMAGH_TOWN,National,Lamppost-mounted,Ulster Banner,1.0,,,,,
yBNpLDG978o3kg0hZXiNeQ_180_box0.jpg,PORTSTEWART,Review,,,1.0,,,,,
Id1q0crH04zPgBdzk8ibXA_000_box0.jpg,METROPOLITAN_NEWTOWNABBEY,National,Lamppost-mounted,Union Jack,1.0,,,,,
XkndCnsFtP-hE6OC7bpWog_240_box0.jpg,NEWRY,National,Permanent installation,Irish Tricolor,1.0,,,,,
zW47yLYDP2-YQODkLQZadQ_240_box0.jpg,ANTRIM,National,Lamppost-mounted,Union Jack,1.0,,,,,
b3TQpD8Kno_-UACo_ixy9w_000_box0.jpg,CARRICKFERGUS,National,Building-mounted,Ulster Banner,1.0,,,,,
XIGXn5yBTxFwZnTKUtqQ-Q_120_box0.jpg,ANTRIM,National,Lamppost-mounted,Union Jack,1.0,,,,,
TfIj8_FBMs610bI2DiNhZA_300_box0.jpg,ANTRIM,National,Building-mounted,Union Jack,1.0,,,,,
UeM8ZqXqTMAeof2AAUIlZA_120_box0.jpg,ENNISKILLEN,Bunting,Bunting display,Union Jack Bunting,1.0,,,,,
JYQic2TbldIXZhgbsSlcHg_300_box0.jpg,LARNE,National,Building-mounted,Union Jack,1.0,,,,,
GOPANyQ7_nPKrnDONOfrSQ_060_box0.jpg,CRAIGAVON,National,Building-mounted,Ulster Banner,1.0,,,,,
j6Ke42KoAixQSzJ1QGPlXA_180_box0.jpg,COLERAINE,Fraternal,Pole-mounted (in ground),Orange Order,1.0,,,,,
2B0KUDnYZKL5uRqpcrfcuw_300_box0.jpg,ANTRIM,National,Pole-mounted (in ground),Scottish Saltire,1.0,,,,,
wHeoLZBe34HWGObqV28u1g_240_box0.jpg,LISBURN_CITY,Proscribed,Lamppost-mounted,Other Proscribed,1.0,,,,,
8uYXPjwZo6Xx1bFgPPPofQ_060_box0.jpg,LARNE,Bunting,Triangular bunting,Red/White/Blue Triangular Bunting,1.0,,,,,
kx81p0FY15tJpMiLug1kmA_300_box0.jpg,OMAGH_TOWN,Bunting,Triangular bunting,Red/White/Blue Triangular Bunting,1.0,,,,,
yC9qZN3asMrf77OqwKggrg_300_box0.jpg,KILKEEL,International,Building-mounted,Other International,1.0,,,,,
jaWeuunE-ymWdlfCF25Rzg_300_box0.jpg,CRAIGAVON,National,Building-mounted,Union Jack,1.0,,,,,
-otZS4itrk9HpCvR1PUlwg_060_box0.jpg,BANGOR,National,Temporary installation,Union Jack,1.0,,,,,
jO3zTgxXg7qhg6JjJsLxpA_300_box0.jpg,COLERAINE,Bunting,Triangular bunting,Red/White/Blue Triangular Bunting,1.0,,,,,
QLaQV9fkHoNETQY9OgSOew_180_box0.jpg,BALLYMENA,National,Lamppost-mounted,Ulster Banner,1.0,,,,,
VbvfBHuE_WsAEaivJh21gw_300_box0.jpg,DUNGANNON,International,Lamppost-mounted,Palestinian,1.0,,,,,
8KN_BWB109Brt2AAFd9vUQ_000_box0.jpg,METROPOLITAN_LISBURN,National,Building-mounted,Union Jack,1.0,,,,,
FfTPyTHzu6R3G61lL3pGHQ_000_box0.jpg,LISBURN_CITY,National,Lamppost-mounted,Ulster Banner,1.0,,,,,
H_UahNXS_U6D_rcJLqFs7w_300_box0.jpg,GREENISLAND,National,Lamppost-mounted,Union Jack,1.0,,,,,
FdFnPhotn-Q-ET8y8MiWbQ_240_box0.jpg,METROPOLITAN_NEWTOWNABBEY,National,Lamppost-mounted,Ulster Banner,1.0,,,,,
XL-YXMOMPQw3yZ4ortBD9Q_180_box0.jpg,LARNE,Bunting,Bunting display,Union Jack Bunting,1.0,,,,,
Exu5JznvRdtMMCOpr_yM1g_240_box0.jpg,COLERAINE,Fraternal,Lamppost-mounted,Orange Order,1.0,,,,,
pUn8riLxBGbb4JVPNVwkrw_000_box2.jpg,ENNISKILLEN,Bunting,Bunting display,Union Jack Bunting,1.0,,,,,
OrQpkV_aMMSU7xXhv6s3iw_180_box0.jpg,BELFAST_CITY,Review,,,1.0,,,,,
9Ujo0oHich02X0sEkjDqiA_300_box0.jpg,ANTRIM,Review,,,1.0,,,,,
ngneW9ZjEXSdsPIIrPonmw_060_box0.jpg,ARMAGH,National,Lamppost-mounted,Union Jack,1.0,,,,,
hklwsCBCWjVh1V3kvB2Ixg_120_box0.jpg,ANTRIM,Review,,,1.0,,,,,
3MelTZjyE9ESRzqHcu3z6w_240_box0.jpg,MAGHERAFELT,National,Lamppost-mounted,Ulster Banner,1.0,,,,,
5RXt6hm4dWb7K82HFeMzkg_240_box0.jpg,BALLYMENA,National,Lamppost-mounted,Union Jack,1.0,,,,,
SRf1SHwxDuRtQiq4n9oZ0A_240_box0.jpg,BELFAST_CITY,National,Lamppost-mounted,Union Jack,1.0,,,,,
2DQyI9BjjEDJwkvksht-0A_300_box0.jpg,BELFAST_CITY,Review,,,1.0,,,,,
9GW02IeUuQggnKvtehmfPA_300_box0.jpg,METROPOLITAN_NEWTOWNABBEY,National,Lamppost-mounted,Ulster Banner,1.0,,,,,
auDGj16oRwcodWOmcCGexQ_240_box0.jpg,ANTRIM,National,Lamppost-mounted,Union Jack,1.0,,,,,
OBi6bxrMBHCJXXGe_UmkKw_120_box0.jpg,COOKSTOWN,Review,,,1.0,,,,,
WIHA4vw7Bxrr__MF4vqSXA_060_box0.jpg,METROPOLITAN_CASTLEREAGH,National,Pole-mounted (in ground),Union Jack,1.0,,,,,
brGL9U-M246AnK5l8nzHMg_300_box0.jpg,CARRICKFERGUS,National,Lamppost-mounted,Union Jack,1.0,,,,,
GtgoFH_BGOxymSXqX7ANRg_120_box0.jpg,OMAGH_TOWN,National,Building-mounted,Ulster Banner,1.0,,,,,
fDXwvN11HYsg7hILebVC4g_180_box0.jpg,BALLYCLARE,Review,,,1.0,,,,,
q9KlsqjiO8DiWePK_3zb5w_300_box0.jpg,LARNE,Review,,,1.0,,,,,
g4MEyXieVGfeYAkFjDNOnw_060_box0.jpg,LARNE,Review,,,1.0,,,,,
SUceiHaRMkUehO8h5lXhcQ_060_box0.jpg,CRAIGAVON,National,Building-mounted,Union Jack,1.0,,,,,
H692MxLL08-PyARCF1wi-A_060_box0.jpg,CRAIGAVON,National,Building-mounted,Union Jack,1.0,,,,,
cSK126dQtlrhy12qaHGGLw_060_box0.jpg,METROPOLITAN_NEWTOWNABBEY,National,Building-mounted,Union Jack,1.0,,,,,
iW8bp9kxUD83PQ4S23eAQA_060_box0.jpg,CARRICKFERGUS,National,Building-mounted,Union Jack,1.0,,,,,
DWwDzfc3TR9AZ9GbtLns_A_240_box0.jpg,BALLYMENA,Review,,,1.0,,,,,
Xbs5MnNVUPWosI5FNkDQYA_120_box0.jpg,LISBURN_CITY,National,Building-mounted,Union Jack,1.0,,,,,
jwPPghkoBL2OEm-xttJxCg_120_box0.jpg,METROPOLITAN_CASTLEREAGH,National,Building-mounted,Ulster Banner,1.0,,,,,
G0wJDIx_qCUzhijbvemcVw_240_box0.jpg,CARRICKFERGUS,National,Building-mounted,Union Jack,1.0,,,,,
GQSye0rVyDXj610UG_vAAA_180_box0.jpg,DERRY_CITY,Review,,,1.0,,,,,
GeXexuAgGj4UCoeOEqoACw_060_box0.jpg,ENNISKILLEN,National,Lamppost-mounted,Union Jack,1.0,,,,,
vqxHXqsMQTy4qZTo_r_Fww_060_box0.jpg,CRAIGAVON,Review,,,1.0,,,,,
A7a80HrnFiSbDrzhZ9D18w_000_box0.jpg,DERRY_CITY,Review,,,1.0,,,,,
MclIYgidmAQRZU3gtNVeqw_060_box0.jpg,BELFAST_CITY,National,Building-mounted,Union Jack,1.0,,,,,
KLBGG6cFQr-u-srX7CY3LA_120_box0.jpg,BELFAST_CITY,National,Lamppost-mounted,Ulster Banner,1.0,,,,,
4XjS0zNpLIAEfp3sc5Ge7Q_060_box0.jpg,BALLYMONEY,National,Lamppost-mounted,Union Jack,1.0,,,,,
5wO-wN2ABeuqXodOSsmV8Q_240_box0.jpg,BALLYMENA,National,Building-mounted,Union Jack,1.0,,,,,
_TQKugpXkPQA_Vd3qkpKfA_180_box0.jpg,OMAGH_TOWN,Review,,,1.0,,,,,
D2C2dBWvzFHS5-EobSruXw_300_box0.jpg,NEWRY,Review,,,1.0,,,,,
O4F0P_0bB_ntUC7T3W7DOw_060_box0.jpg,MAGHERAFELT,National,Lamppost-mounted,Union Jack,1.0,,,,,
otCE89pJ229Yp1hyJB2RKw_000_box0.jpg,METROPOLITAN_NEWTOWNABBEY,National,Lamppost-mounted,Union Jack,1.0,,,,,
1b5UTO1r748UGSIIYjIXbg_120_box0.jpg,METROPOLITAN_NEWTOWNABBEY,Review,,,1.0,,,,,
vLT8gL3rmzloBwLlZMW-YA_060_box0.jpg,OMAGH_TOWN,National,Lamppost-mounted,Scottish Saltire,1.0,,,,,
NXA5VHEvkDd1xMKNoiQB-g_240_box0.jpg,ANTRIM,Review,,,1.0,,,,,
Zln2HKyFcmEkzaXUHrqp8Q_300_box0.jpg,PORTSTEWART,Review,,,1.0,,,,,
Jjaa1w1OjOmjq2BmHfjuUQ_060_box0.jpg,BALLYCLARE,National,Building-mounted,Scottish Saltire,1.0,,,,,
Rfv4Ow4kJ8A2SV4S6_1zRA_240_box0.jpg,OMAGH_TOWN,Bunting,Triangular bunting,Red/White/Blue Triangular Bunting,1.0,,,,,
0LHmugVNghTuJLf7W0Fllw_060_box0.jpg,BELFAST_CITY,National,Lamppost-mounted,Ulster Banner,1.0,,,,,
HcOoRLUyNCWOe21ljYXocA_120_box0.jpg,LISBURN_CITY,Bunting,Triangular bunting,Red/White/Blue Triangular Bunting,1.0,,,,,
QW0yc3JDrqBvgMXdNECATg_120_box0.jpg,LISBURN_CITY,Bunting,Bunting display,Union Jack Bunting,1.0,,,,,
bUXBOV0rUH7ZHeRV6_UIkQ_000_box0.jpg,OMAGH_TOWN,Bunting,Triangular bunting,Red/White/Blue Triangular Bunting,1.0,,,,,
p1s89HWAaOqsuLJnJOLF5w_300_box0.jpg,METROPOLITAN_NEWTOWNABBEY,National,Lamppost-mounted,Ulster Banner,1.0,,,,,
NC-3yDsbF2mbRuxhVG2RRA_240_box0.jpg,METROPOLITAN_NEWTOWNABBEY,National,Building-mounted,Ulster Banner,1.0,,,,,
HJ5bkE703IAC3uG1g0Pf2Q_240_box0.jpg,BALLYMENA,National,Lamppost-mounted,Ulster Banner,1.0,,,,,
Acey7wdtNjjusPgsHr8phg_000_box0.jpg,CRAIGAVON,National,Pole-mounted (in ground),Ulster Banner,1.0,,,,,
_vjY-VzIIvPo5DAWtu5kqA_000_box0.jpg,ARMAGH,International,Lamppost-mounted,Other International,1.0,,,,,
JNqv9RPc8UMTM3GQ3ynEBg_240_box0.jpg,COLERAINE,Fraternal,Lamppost-mounted,Orange Order,1.0,,,,,
6O-Ai5k2jDlvNaut_YjZ7A_300_box0.jpg,LARNE,Bunting,Bunting display,Union Jack Bunting,1.0,,,,,
m7rnj0nrFxOijLaNkJZTPg_180_box0.jpg,CARRICKFERGUS,Bunting,Bunting display,Union Jack Bunting,1.0,,,,,
ariL8XK0RKme4k_UGoG06Q_060_box0.jpg,BALLYCLARE,Proscribed,Lamppost-mounted,UDA,1.0,,,,,
j0kFRtOw1VxYS9AIjqEE_Q_000_box0.jpg,LARNE,Bunting,Bunting display,Union Jack Bunting,1.0,,,,,
lsGPwq48YWsjq9mkQAzUFQ_000_box0.jpg,COLERAINE,Fraternal,Lamppost-mounted,Orange Order,1.0,,,,,
kf7PGj3Vj-0nwPCSwofaag_000_box0.jpg,BELFAST_CITY,International,Building-mounted,Palestinian,1.0,,,,,
Nu-sRNKhhgCeq-qixYxsgg_300_box0.jpg,LARNE,National,Lamppost-mounted,Ulster Banner,1.0,,,,,
Yr2rGBZ2UKkn1U9diiJ2qw_240_box0.jpg,BALLYMENA,Proscribed,Lamppost-mounted,Other Proscribed,1.0,,,,,
zMRrtsVsnstdYb7SX6lEIQ_000_box0.jpg,ANTRIM,National,Building-mounted,Ulster Banner,1.0,,,,,
qXxZkTat1JVjMObOfzxb8w_240_box0.jpg,ANTRIM,Bunting,Triangular bunting,Red/White/Blue Triangular Bunting,1.0,,,,,
r21wnSQchhW4sZXBX8Iwng_300_box0.jpg,OMAGH_TOWN,Bunting,Triangular bunting,Red/White/Blue Triangular Bunting,1.0,,,,,
ywse2CcP2SHAJzEwlgcEOw_180_box0.jpg,DERRY_CITY,International,Building-mounted,Palestinian,1.0,,,,,
pUn8riLxBGbb4JVPNVwkrw_000_box1.jpg,ENNISKILLEN,Bunting,Bunting display,Union Jack Bunting,1.0,,,,,
N5MVGNBAa3asI2nMaILIhQ_000_box0.jpg,DERRY_CITY,International,Lamppost-mounted,Palestinian,1.0,,,,,
e0Hp4QzzwyvjVPjtg7vzGA_300_box0.jpg,COOKSTOWN,National,Building-mounted,Ulster Banner,1.0,,,,,
g5zRTKYxprjtZSCEcmJd3w_000_box0.jpg,CRAIGAVON,National,Lamppost-mounted,Ulster Banner,1.0,,,,,
XZOoZNCXoGz9GR6qSdPx_Q_000_box0.jpg,BALLYCLARE,Bunting,Triangular bunting,Red/White/Blue Triangular Bunting,1.0,,,,,
Pbdkh5qIiVBKlss7CpMA8g_060_box0.jpg,LIMAVADY,National,Lamppost-mounted,Ulster Banner,1.0,,,,,
7lRMzjfBfkZQ82uIc2MCbg_060_box0.jpg,ENNISKILLEN,National,Lamppost-mounted,Ulster Banner,1.0,,,,,
Xedq4iUdiA-fZONk5UeOQQ_120_box0.jpg,ENNISKILLEN,National,Lamppost-mounted,Ulster Banner,1.0,,,,,
q8zGfalOkDGOrYwisPHmWg_180_box0.jpg,CARRICKFERGUS,National,Building-mounted,Union Jack,0.8333333333333334,,,,,
KfVWczlp63wkw_3SaN9rpg_240_box0.jpg,CARRICKFERGUS,National,Pole-mounted (in ground),Union Jack,0.8333333333333334,,,,,
ly2Qw-81l0jBkHd1I198aQ_060_box0.jpg,CARRICKFERGUS,National,Building-mounted,Union Jack,0.8333333333333334,,,,,
_uABbLQaVZedR4CwAEcWvQ_180_box0.jpg,CARRICKFERGUS,National,Lamppost-mounted,Union Jack,0.8333333333333334,,,,,
AXyaLZrVA48Lsv-KJm4jRw_300_box0.jpg,CARRICKFERGUS,Review,,,0.8333333333333334,,,,,
MFUNrFZRxI3bhKHCEQH57A_180_box0.jpg,ENNISKILLEN,Review,,,0.8333333333333334,,,,,
EIglmvvxHhemRMudeEj2EQ_120_box0.jpg,CARRICKFERGUS,National,Building-mounted,Union Jack,0.8333333333333334,,,,,
RMdS3TzXwJYWOb8e07RyRw_180_box0.jpg,CARRICKFERGUS,National,Lamppost-mounted,Union Jack,0.8333333333333334,,,,,
Pc12pf4QQCTaIUnFIUQHbg_120_box0.jpg,CARRICKFERGUS,Fraternal,Lamppost-mounted,Orange Order,0.8333333333333334,,,,,
-bbCd8IO7gcC1RWHrRfWUQ_180_box0.jpg,CARRICKFERGUS,Proscribed,,Ulster Banner,0.8333333333333334,,,,,
ae9MKcPSYP58PYQgn-uFXg_000_box0.jpg,CARRICKFERGUS,Review,,,0.8,,,,,
DGyiuDKPP4cXsse_NG-YoA_180_box0.jpg,CARRICKFERGUS,National,Pole-mounted (in ground),Union Jack,0.8,,,,,
va9JcnB4kvsqHvPy2LGRZg_240_box0.jpg,CARRICKFERGUS,Review,,Union Jack,0.8,,,,,
BIwYIA6uSPuxVPo-_TVAdA_240_box0.jpg,CARRICKFERGUS,Sport,Pole-mounted (in ground),,0.75,,,,,
JKnm0tFAmweb1_LhQAVOTw_300_box0.jpg,PORTSTEWART,Review,,,0.6666666666666666,,,,,
DDL7AIlG7nYQqhpRtlD_qg_240_box0.jpg,ANTRIM,Review,,,0.6666666666666666,,,,,
_i3cZBdfpi9Kp0sY-_kRMQ_300_box0.jpg,OMAGH_TOWN,Review,,,0.6666666666666666,,,,,
2v1KM53N7XYwWo-vWYXkJQ_240_box0.jpg,CRAIGAVON,Review,,,0.6666666666666666,,,,,
tF3QuaqtrI-YBEgrv2caBA_300_box0.jpg,ANTRIM,National,Building-mounted,Union Jack,0.6666666666666666,,,,,
pYnxUi_F-ndkhZu3cbSvyQ_300_box0.jpg,LARNE,Review,,,0.6666666666666666,,,,,
VxQEg1xYBABLfaqVO9TuNw_240_box0.jpg,PORTSTEWART,Sport,Pole-mounted (in ground),,0.6666666666666666,,,,,
d4fttwaJo66h1uO6ApYmnA_060_box0.jpg,ENNISKILLEN,Review,,Union Jack,0.6666666666666666,,,,,
on8bHr4p14opDFsQ6Y_PYQ_240_box0.jpg,METROPOLITAN_NEWTOWNABBEY,Review,,Union Jack,0.6666666666666666,,,,,
ME8TiO8v-NpJmZfR_SkM3A_240_box0.jpg,CRAIGAVON,Sport,Building-mounted,,0.6666666666666666,,,,,
cc0rD6wj_XwGKjfNbF-qcA_300_box0.jpg,BALLYCLARE,National,Building-mounted,Union Jack,0.6666666666666666,,,,,
KcD0-sGlcq_n-fXGfZQ-yQ_180_box0.jpg,LARNE,Sport,Building-mounted,Northern Ireland Football,0.6666666666666666,,,,,
OYHuiSLVz7-bxpDFP9HsLA_000_box0.jpg,CRAIGAVON,Sport,Building-mounted,Other International,0.6666666666666666,,,,,
L1IJ7dAFN37fHMiY_80Mrg_300_box0.jpg,DUNGANNON,Review,,,0.6666666666666666,,,,,
m7HJ0xJyipIVUSYJDkVgmw_300_box0.jpg,CRAIGAVON,Bunting,Bunting display,Union Jack,0.6666666666666666,,,,,
0GwmjLf5gnEZSxdOgOozIg_240_box0.jpg,CRAIGAVON,Review,,GAA,0.6666666666666666,,,,,
HBmmIKENoZx8eSFrnlhZKA_000_box0.jpg,PORTSTEWART,Review,,,0.6666666666666666,,,,,
zAZ3Wjq_BvVBmDXZcRhj7A_180_box0.jpg,OMAGH_TOWN,Review,,,0.6666666666666666,,,,,
Iprvwi5cW-DZr5xaaQTdZQ_060_box0.jpg,CRAIGAVON,Review,,,0.6666666666666666,,,,,
9LNjc7_cLCRuTS5UuqhtKg_300_box0.jpg,METROPOLITAN_LISBURN,Bunting,Bunting display,,0.6666666666666666,,,,,
HiX12HEyFMGBCGFTOhlHlg_180_box0.jpg,CARRICKFERGUS,National,Building-mounted,Union Jack,0.6666666666666666,,,,,
nqDr2Bm95UQWvPt9lRniRQ_120_box0.jpg,LIMAVADY,Bunting,Triangular bunting,Red/White/Blue Triangular Bunting,0.6666666666666666,,,,,
h8H-QWHnCBawellkdNJx1Q_120_box0.jpg,CRAIGAVON,Bunting,Triangular bunting,Red/White/Blue Triangular Bunting,0.6666666666666666,,,,,
Rbixp4Q73ycRQPVdiezq7w_300_box0.jpg,CRAIGAVON,International,Lamppost-mounted,Other International,0.6666666666666666,,,,,
ORwO9bu1n6KJgJZ7avCdYg_060_box0.jpg,CRAIGAVON,Review,,,0.6666666666666666,,,,,
MWYRxa9rzn0Cqg13y5WiTA_060_box0.jpg,BANGOR,Proscribed,,,0.6666666666666666,,,,,
LG3wYck6dspbf1lPiSJ2bA_060_box0.jpg,METROPOLITAN_NEWTOWNABBEY,Review,,Other Proscribed,0.6666666666666666,,,,,
W8-L8yau0iE7mt3Hb2PgZQ_240_box0.jpg,NEWRY,Review,,,0.6666666666666666,,,,,
wbOL1NJwdp8E5zF49qRY6Q_000_box0.jpg,METROPOLITAN_NEWTOWNABBEY,National,Lamppost-mounted,Ulster Banner,0.6666666666666666,,,,,
6xRgw9fE1iQc4hD8gHWdgg_180_box0.jpg,CARRICKFERGUS,Review,,Ulster Banner,0.6666666666666666,,,,,
O8vrgSd_GzN7EIp_FLUlfw_060_box0.jpg,NEWRY,Review,,,0.6666666666666666,,,,,
nc0HXdDH6DuyM9XV1CMe8A_120_box0.jpg,NEWRY,Sport,,GAA,0.6666666666666666,,,,,
_3J0QkObJRFNX9MUYhSRPQ_240_box0.jpg,METROPOLITAN_LISBURN,Review,,,0.6666666666666666,,,,,
K6JcqKgcJjEIRBYm1Di1FQ_000_box0.jpg,CRAIGAVON,Bunting,Triangular bunting,Red/White/Blue Triangular Bunting,0.6666666666666666,,,,,
05X2M2Sck83hkjbl6KWxIA_060_box0.jpg,CRAIGAVON,National,Street decoration,Union Jack,0.6666666666666666,,,,,
A62-JeqikZT4jBbcTDAMEg_180_box0.jpg,BALLYCLARE,National,Lamppost-mounted,,0.6666666666666666,,,,,
Ey810ChOHrEq2pr-vjJgLw_300_box0.jpg,BANGOR,Review,,Union Jack,0.6666666666666666,,,,,
7Knkj9eLunHLCwnS4SVlrg_060_box0.jpg,NEWRY,National,Lamppost-mounted,,0.6666666666666666,,,,,
Q7WD2SIJGqpUT8p979fDog_240_box0.jpg,METROPOLITAN_NEWTOWNABBEY,National,Building-mounted,Union Jack,0.6666666666666666,,,,,
QG_M32Cj7F0cOjzF5jhORw_300_box0.jpg,BALLYCLARE,National,Lamppost-mounted,Ulster Banner,0.6666666666666666,,,,,
Mj-OBq54atJy7aBCxi31CQ_120_box0.jpg,BALLYCLARE,Proscribed,Lamppost-mounted,UDA,0.6666666666666666,,,,,
LwWmq0LjyUmCBbDK8M4I_Q_180_box0.jpg,METROPOLITAN_NEWTOWNABBEY,Review,,Union Jack,0.6666666666666666,,,,,
RkzoH45TcP8qFI8PGoJAqw_000_box0.jpg,CARRICKFERGUS,Sport,Lamppost-mounted,,0.6,,,,,
ON7xZxSr7_sPkwvSwwd2MQ_240_box0.jpg,CARRICKFERGUS,Review,,Union Jack,0.6,,,,,
tlCypbN5JxrkEDD0tb-EiQ_060_box0.jpg,CARRICKFERGUS,National,Building-mounted,Union Jack,0.6,,,,,
Pjoi08wQbuCrHql7uwyI-A_120_box0.jpg,CARRICKFERGUS,Fraternal,Lamppost-mounted,,0.6,,,,,
8CvgXbqBjQeXBOSu76lb-Q_060_box0.jpg,DERRY_CITY,National,Lamppost-mounted,Union Jack,0.5,,,,,
Ino4-ysjjvsAe_cGfSYneg_300_box0.jpg,LISBURN_CITY,Bunting,Triangular bunting,Red/White/Blue Triangular Bunting,0.5,,,,,
XCjo4Sve0yfWOe5s33a5hQ_000_box0.jpg,COLERAINE,Review,,,0.5,,,,,
Qi23_GKOLB7-MAIlXqDSEg_180_box0.jpg,ENNISKILLEN,Sport,,GAA,0.5,,,,,
CKDJiUoUvBw6ILJSHaX18g_300_box0.jpg,DERRY_CITY,International,Lamppost-mounted,Palestinian,0.5,,,,,
adygzhH9mu9Duvaxpfvlgw_180_box0.jpg,ARMAGH,Review,,,0.5,,,,,
nlP2Cwjgj8ELMectU7nfQA_000_box0.jpg,BALLYMENA,Review,,,0.5,,,,,
ZvhWU7D7M2kSP78p38mtWQ_000_box0.jpg,COOKSTOWN,Military,Lamppost-mounted,Parachute Regiment,0.5,,,,,
9LmgSVZg25YcjKLTpF8s6g_000_box0.jpg,CARRICKFERGUS,National,Lamppost-mounted,Union Jack,0.4,,,,,
tzBR3UbZGYT33JNcaDEU3Q_180_box0.jpg,CARRICKFERGUS,Military,Building-mounted,Union Jack,0.4,,,,,
chp9Zzs2kcZS2p4lcH_amA_060_box0.jpg,CARRICKFERGUS,Proscribed,Lamppost-mounted,,0.4,,,,,
Mi8avoSuHGENZl1Rwjp8fQ_120_box0.jpg,CARRICKFERGUS,Review,,,0.4,,,,,
OZSdVrN02XVUlZ6mnkwKrA_000_box0.jpg,CARRICKFERGUS,Review,,,0.4,,,,,
HqSfw4eIAo9yeJ2Ff8BbQg_120_box0.jpg,METROPOLITAN_NEWTOWNABBEY,Review,,,0.3333333333333333,,,,,
y-yfXXbiHxuYbQNa24G7uQ_240_box0.jpg,ANTRIM,Review,,,0.3333333333333333,,,,,
t64KCdHm-zNLcpXK2zGgCQ_120_box0.jpg,METROPOLITAN_NEWTOWNABBEY,Review,,,0.3333333333333333,,,,,
Wn8wdARnwWiBv9AqJCsJQw_000_box0.jpg,ENNISKILLEN,National,Lamppost-mounted,Union Jack,0.3333333333333333,,,,,
VBHQE0NLrvbVj6HA8yo_SA_000_box0.jpg,LARNE,Review,,,0.3333333333333333,,,,,
ZdtSksKs6eg2flTBJEmuHw_060_box0.jpg,BALLYCLARE,Proscribed,Lamppost-mounted,YCV,0.3333333333333333,,,,,
6K16NxS40_obWFANTsH8Dg_120_box0.jpg,DUNGANNON,National,Lamppost-mounted,Scottish Saltire,0.3333333333333333,,,,,
2aq9JcrRqxEog8691VsopA_060_box0.jpg,ANTRIM,Review,,,0.3333333333333333,,,,,
S3D7sMYhZNwdol3aiONIxg_300_box0.jpg,PORTRUSH,National,Pole-mounted (in ground),Union Jack,0.3333333333333333,,,,,
XAdE7NCDb1TolQe_r5nBkA_120_box0.jpg,ANTRIM,National,Lamppost-mounted,Union Jack,0.3333333333333333,,,,,
IN2cabyc1Q5GQAwx-t9ixQ_000_box0.jpg,METROPOLITAN_NEWTOWNABBEY,Proscribed,Lamppost-mounted,Other Proscribed,0.3333333333333333,,,,,
AWWGrGcH4g8iKndJU7fXXw_120_box0.jpg,ENNISKILLEN,Proscribed,,Other Proscribed,0.3333333333333333,,,,,
uSKmAE2eeTcXf2xtbOs67g_060_box0.jpg,METROPOLITAN_NEWTOWNABBEY,Review,,,0.3333333333333333,,,,,
fg1Kudj56Kf61wRGRBUTVw_060_box0.jpg,LARNE,National,Lamppost-mounted,Union Jack,0.3333333333333333,,,,,
balAGcHDu3JYMhARHoaBBA_060_box0.jpg,ENNISKILLEN,National,Lamppost-mounted,Ulster Banner,0.3333333333333333,,,,,
7_fyxqc6yaojHNAoFb13cw_300_box0.jpg,GREENISLAND,National,Lamppost-mounted,Union Jack,0.3333333333333333,,,,,
LeMmHPEvj9WykvmrOgMNww_240_box0.jpg,METROPOLITAN_NEWTOWNABBEY,Bunting,Bunting display,Mixed Flags Bunting,0.3333333333333333,,,,,
ptLozqU8uCtbCJW_D0Jrcw_000_box0.jpg,NEWRY,Review,,,0.3333333333333333,,,,,
mmyL7Bh8IFDsZfMoM4lfPw_300_box0.jpg,METROPOLITAN_LISBURN,National,Building-mounted,Ulster Banner,0.3333333333333333,,,,,
mv9XYVeXKq8xssEXM6eF2Q_060_box0.jpg,CARRICKFERGUS,National,Building-mounted,Union Jack,0.3333333333333333,,,,,
H-yfUgSlK27kBmqlMdajow_240_box0.jpg,OMAGH_TOWN,Review,,,0.3333333333333333,,,,,
9PJsSD3mHr1b3SNEkFy0-w_180_box0.jpg,BANGOR,Review,,,0.3333333333333333,,,,,
7qbmVOCTNsbvKLw7XnH6CA_180_box0.jpg,CRAIGAVON,National,Pole-mounted (in ground),Union Jack,0.3333333333333333,,,,,
ksffrykGQK_w8l5Rq6gaVg_060_box0.jpg,ANTRIM,National,Pole-mounted (in ground),Union Jack,0.3333333333333333,,,,,
J-GIrCDORgGBStE65BfMMw_180_box0.jpg,OMAGH_TOWN,Review,,,0.3333333333333333,,,,,
oEdga8ntershaZpAXgL_ng_120_box0.jpg,ANTRIM,Review,,,0.3333333333333333,,,,,
xvgcyyjXh_41NncZXDi7mg_120_box0.jpg,LIMAVADY,International,Lamppost-mounted,European Union,0.3333333333333333,,,,,
L6eD-UlW8NygwOAsCRK5kQ_180_box0.jpg,NEWRY,National,Lamppost-mounted,Irish Tricolor,0.3333333333333333,,,,,
iCp6WYGR7ICXmb6X2AdKNg_300_box0.jpg,CARRICKFERGUS,Proscribed,Lamppost-mounted,UVF,0.3333333333333333,,,,,
6-JRcJnDYS6zoOiYw34Wcw_120_box0.jpg,CRAIGAVON,Review,,,0.3333333333333333,,,,,
OV1A5Y4xxXD78HGoZ4KlAg_180_box0.jpg,DUNGANNON,Proscribed,Lamppost-mounted,Other Proscribed,0.3333333333333333,,,,,
wcAkAg6xwVt2LqJkKeM4-g_120_box0.jpg,DUNGANNON,National,Building-mounted,Ulster Banner,0.3333333333333333,,,,,
vwMqtO5gZKCnUHfNBjigVw_120_box0.jpg,METROPOLITAN_LISBURN,Review,,,0.3333333333333333,,,,,
f5E0XgdQL4BcSw5_9pv6fQ_060_box0.jpg,NEWRY,Sport,Lamppost-mounted,GAA,0.3333333333333333,,,,,
381WdRAWYPIz8CF38MGKGg_000_box0.jpg,METROPOLITAN_NEWTOWNABBEY,National,Lamppost-mounted,Union Jack,0.3333333333333333,,,,,
3kkD61N6RSoj26GKsx8nHw_060_box0.jpg,DUNGANNON,Review,,,0.3333333333333333,,,,,
zCV5nNZ0Yy_GobSrKZNwlA_180_box0.jpg,BALLYCLARE,Military,Building-mounted,Parachute Regiment,0.3333333333333333,,,,,
znRESnGII8ruXIer09tuvA_240_box0.jpg,OMAGH_TOWN,Review,,,0.3333333333333333,,,,,
YXa0MolWee5I_35Yj6oTZA_240_box0.jpg,DUNGANNON,Review,,,0.3333333333333333,,,,,
NJaIAIaa7vtVD4pTg1b-Ng_300_box0.jpg,BANGOR,Sport,Building-mounted,GAA,0.3333333333333333,,,,,
w46WxVl7Yh1u8QQHP96vgQ_120_box0.jpg,ANTRIM,Fraternal,Lamppost-mounted,Orange Order,0.3333333333333333,,,,,
6lM4UxZFPpTwoDzTpyxLqQ_120_box0.jpg,OMAGH_TOWN,National,Pole-mounted (in ground),Ulster Banner,0.3333333333333333,,,,,
tn4kMEIcn7xw78iTFFjLUQ_000_box0.jpg,CRAIGAVON,National,Pole-mounted (in ground),Union Jack,0.3333333333333333,,,,,
J7y2JBqaivPym8z0Ray60w_000_box0.jpg,BANGOR,Proscribed,Lamppost-mounted,Other Proscribed,0.3333333333333333,,,,,
EhYBizso8F39AQnsgAiibQ_240_box0.jpg,METROPOLITAN_NEWTOWNABBEY,Review,,,0.3333333333333333,,,,,
TKDsNnKjj8pBenYip-sQBg_120_box0.jpg,ANTRIM,National,Lamppost-mounted,Union Jack,0.3333333333333333,,,,,
us_1faBuG5wsLYSRKGDEMw_000_box0.jpg,BALLYCLARE,Review,,,0.3333333333333333,,,,,
zIqlPjLM2DEBiLf7t63OFg_240_box0.jpg,CARRICKFERGUS,Proscribed,Building-mounted,,0.3333333333333333,,,,,
6j6emp0Bob69qcNS8jN4Dw_000_box0.jpg,GREENISLAND,Review,,,0.3333333333333333,,,,,
VEnwrA10Mh_NrKXLaXDIfw_060_box0.jpg,ANTRIM,Proscribed,Pole-mounted (in ground),UVF,0.3333333333333333,,,,,
dOOaiAuOwcxqMs42D0XR9Q_240_box0.jpg,METROPOLITAN_LISBURN,National,Lamppost-mounted,Ulster Banner,0.3333333333333333,,,,,
gY9ZN8xDvuKhEujdeo4Fyw_300_box0.jpg,CARRICKFERGUS,Review,,,0.3333333333333333,,,,,
E13qKYFGsZofIcMr_-EqxQ_060_box0.jpg,CARRICKFERGUS,Fraternal,Lamppost-mounted,,0.3333333333333333,,,,,
wBNnFfckjrM35BoBOhHC8g_060_box0.jpg,OMAGH_TOWN,Bunting,Triangular bunting,Red/White/Blue Triangular Bunting,0.3333333333333333,,,,,
KBgV3eFFB3CoLTxKleGJIg_060_box0.jpg,BALLYCLARE,Proscribed,Lamppost-mounted,UDA,0.3333333333333333,,,,,
XITdJVqfJg7RErNr6GsmQg_300_box0.jpg,OMAGH_TOWN,National,Lamppost-mounted,Union Jack,0.3333333333333333,,,,,
495Nk8WZ6N5YFqG7yURX8A_060_box0.jpg,ENNISKILLEN,Sport,Lamppost-mounted,Local Club,0.2857142857142857,,,,,
